cycle_id,cell_id,cycle_number,capacity_Ah,internal_resistance_Ohm,voltage_end_V,charge_time_min,discharge_time_min,temperature_C,soh_pct,cutoff_voltage_V
1,B0005,1,1.85326,0.015139,2.7097,57.4,55.13,24.69,99.853,2.7
2,B0005,2,1.85523,0.016114,2.693,56.05,54.73,24.63,99.959,2.7
3,B0005,3,1.83786,0.014219,2.6741,54.52,53.11,24.92,99.023,2.7
4,B0005,4,1.822,0.01487,2.722,55.14,54.8,24.08,98.168,2.7
5,B0005,5,1.81827,0.016339,2.6827,56.16,53.35,24.73,97.967,2.7
6,B0005,6,1.81119,0.017982,2.6998,54.13,55.98,24.35,97.586,2.7
7,B0005,7,1.81107,0.015182,2.6801,56.14,55.81,24.9,97.579,2.7
8,B0005,8,1.80189,0.016759,2.6778,54.88,53.14,25.42,97.085,2.7
9,B0005,9,1.799,0.01584,2.7049,55.5,52.62,25.15,96.929,2.7
10,B0005,10,1.79795,0.018245,2.6874,55.74,54.6,25.46,96.872,2.7
11,B0005,11,1.77933,0.017601,2.6834,54.53,55.0,25.62,95.869,2.7
12,B0005,12,1.77607,0.018803,2.7054,55.47,54.0,25.77,95.694,2.7
13,B0005,13,1.76986,0.019502,2.6607,57.79,53.27,24.89,95.359,2.7
14,B0005,14,1.7644,0.01691,2.6967,57.22,55.89,24.64,95.065,2.7
15,B0005,15,1.75074,0.018349,2.7137,57.29,51.46,25.24,94.329,2.7
16,B0005,16,1.75154,0.019775,2.6895,56.43,51.76,24.32,94.372,2.7
17,B0005,17,1.7467,0.019459,2.7001,56.69,49.57,24.83,94.111,2.7
18,B0005,18,1.73518,0.018858,2.6976,57.77,55.83,25.09,93.49,2.7
19,B0005,19,1.73359,0.01969,2.6712,57.24,52.13,26.28,93.405,2.7
20,B0005,20,1.72361,0.020241,2.6995,55.65,53.99,25.46,92.867,2.7
21,B0005,21,1.72512,0.019522,2.721,55.42,52.93,26.14,92.948,2.7
22,B0005,22,1.70453,0.020047,2.7015,56.88,48.03,25.1,91.839,2.7
23,B0005,23,1.69763,0.021129,2.6862,60.08,49.36,24.97,91.467,2.7
24,B0005,24,1.70633,0.020015,2.7034,59.84,47.97,25.16,91.936,2.7
25,B0005,25,1.69561,0.021875,2.6814,56.02,51.91,25.32,91.358,2.7
26,B0005,26,1.68926,0.021777,2.6898,58.47,51.26,24.8,91.016,2.7
27,B0005,27,1.69593,0.022129,2.6821,59.22,48.93,25.57,91.376,2.7
28,B0005,28,1.68404,0.021343,2.7145,58.98,52.17,26.09,90.735,2.7
29,B0005,29,1.66658,0.021647,2.6867,57.26,49.84,25.33,89.794,2.7
30,B0005,30,1.66456,0.023162,2.7002,60.78,49.41,26.6,89.685,2.7
31,B0005,31,1.66116,0.022064,2.6839,59.44,49.39,25.53,89.502,2.7
32,B0005,32,1.65377,0.022942,2.6873,56.57,48.72,25.65,89.104,2.7
33,B0005,33,1.64555,0.022253,2.7026,59.54,47.6,25.26,88.661,2.7
34,B0005,34,1.63817,0.022586,2.7054,59.92,51.31,25.73,88.263,2.7
35,B0005,35,1.62056,0.023,2.7077,59.97,49.65,27.15,87.315,2.7
36,B0005,36,1.63005,0.024908,2.7143,60.3,48.27,25.71,87.826,2.7
37,B0005,37,1.61322,0.024061,2.6927,59.56,53.03,24.35,86.919,2.7
38,B0005,38,1.61882,0.02321,2.6929,61.19,48.69,24.7,87.221,2.7
39,B0005,39,1.60156,0.025294,2.689,60.0,48.14,25.02,86.291,2.7
40,B0005,40,1.6184,0.025507,2.6696,60.08,47.23,25.79,87.198,2.7
41,B0005,41,1.5889,0.025158,2.7076,61.22,45.27,25.17,85.609,2.7
42,B0005,42,1.58544,0.024977,2.7265,60.65,45.04,25.79,85.422,2.7
43,B0005,43,1.60023,0.026576,2.6772,59.43,50.54,25.06,86.219,2.7
44,B0005,44,1.58084,0.02662,2.6861,60.19,40.94,24.91,85.175,2.7
45,B0005,45,1.56932,0.025252,2.7245,58.25,46.2,25.41,84.554,2.7
46,B0005,46,1.57694,0.025351,2.7174,60.54,45.35,25.58,84.964,2.7
47,B0005,47,1.56109,0.02627,2.701,60.06,47.06,25.73,84.11,2.7
48,B0005,48,1.56629,0.02601,2.732,57.83,46.69,25.68,84.39,2.7
49,B0005,49,1.54997,0.026752,2.6969,60.14,45.32,25.85,83.511,2.7
50,B0005,50,1.54471,0.026946,2.7135,61.46,47.97,25.75,83.228,2.7
51,B0005,51,1.52937,0.027302,2.7112,62.04,45.84,25.51,82.402,2.7
52,B0005,52,1.5404,0.027527,2.7082,60.94,45.78,26.02,82.995,2.7
53,B0005,53,1.53096,0.028901,2.7196,61.39,47.29,25.39,82.487,2.7
54,B0005,54,1.52116,0.028396,2.7015,62.37,44.0,26.56,81.959,2.7
55,B0005,55,1.50473,0.027779,2.7174,62.79,46.39,25.8,81.074,2.7
56,B0005,56,1.50692,0.028282,2.7011,60.7,47.16,25.43,81.192,2.7
57,B0005,57,1.49467,0.028993,2.7062,60.99,43.2,25.67,80.532,2.7
58,B0005,58,1.4975,0.029094,2.6929,62.31,42.03,24.85,80.684,2.7
59,B0005,59,1.48408,0.029579,2.7047,64.29,46.24,25.5,79.961,2.7
60,B0005,60,1.48397,0.029198,2.6997,61.77,45.16,25.14,79.955,2.7
61,B0005,61,1.4826,0.031476,2.6984,62.92,45.86,25.48,79.881,2.7
62,B0005,62,1.47457,0.03051,2.7015,61.28,44.29,25.88,79.449,2.7
63,B0005,63,1.47874,0.031517,2.7323,61.41,46.11,25.77,79.673,2.7
64,B0005,64,1.47901,0.030353,2.6874,61.78,40.12,25.36,79.688,2.7
65,B0005,65,1.44981,0.03137,2.7051,65.61,45.4,25.38,78.115,2.7
66,B0005,66,1.44309,0.031894,2.6802,65.67,45.65,25.47,77.753,2.7
67,B0005,67,1.43099,0.032833,2.6983,64.9,39.74,25.45,77.101,2.7
68,B0005,68,1.43917,0.032038,2.6932,64.09,41.04,25.64,77.542,2.7
69,B0005,69,1.43454,0.032662,2.7107,61.59,39.97,26.38,77.292,2.7
70,B0005,70,1.4307,0.031901,2.7233,63.57,45.28,25.74,77.085,2.7
71,B0005,71,1.43901,0.034154,2.6963,64.98,44.46,26.51,77.533,2.7
72,B0005,72,1.4093,0.033549,2.7159,61.0,39.91,24.77,75.932,2.7
73,B0005,73,1.40938,0.033824,2.7225,63.87,45.54,25.11,75.936,2.7
74,B0005,74,1.39244,0.033456,2.7058,63.83,37.64,25.74,75.024,2.7
75,B0005,75,1.39018,0.034286,2.7055,62.59,40.68,25.3,74.902,2.7
76,B0005,76,1.39467,0.034764,2.6852,64.88,40.78,25.46,75.144,2.7
77,B0005,77,1.38889,0.033422,2.6917,62.44,45.6,25.8,74.833,2.7
78,B0005,78,1.37875,0.034671,2.6983,64.03,42.59,26.23,74.286,2.7
79,B0005,79,1.37471,0.034289,2.6959,61.03,38.21,26.51,74.068,2.7
80,B0005,80,1.38674,0.034801,2.7086,65.07,47.76,26.42,74.717,2.7
81,B0005,81,1.3672,0.034486,2.6759,65.03,39.5,25.13,73.664,2.7
82,B0005,82,1.35771,0.034635,2.7253,66.16,40.72,26.59,73.152,2.7
83,B0005,83,1.35817,0.035061,2.7228,65.77,38.67,25.77,73.177,2.7
84,B0005,84,1.34524,0.034894,2.7139,67.94,37.56,26.14,72.481,2.7
85,B0005,85,1.34174,0.03586,2.6911,63.9,40.35,25.5,72.292,2.7
86,B0005,86,1.34383,0.03646,2.6964,63.96,39.16,26.32,72.405,2.7
87,B0005,87,1.34041,0.035968,2.7015,66.57,36.87,26.19,72.221,2.7
88,B0005,88,1.32586,0.037456,2.6886,62.85,36.52,26.02,71.436,2.7
89,B0005,89,1.328,0.036527,2.7096,63.19,39.71,25.34,71.552,2.7
90,B0005,90,1.3155,0.037538,2.6871,65.22,41.48,25.71,70.878,2.7
91,B0005,91,1.3222,0.036846,2.7079,68.08,34.72,25.57,71.239,2.7
92,B0005,92,1.31494,0.037838,2.7056,65.13,39.62,25.94,70.848,2.7
93,B0005,93,1.3145,0.038454,2.7051,65.54,38.46,25.83,70.824,2.7
94,B0005,94,1.30316,0.038163,2.7043,69.39,40.84,25.87,70.213,2.7
95,B0005,95,1.30447,0.038424,2.6694,64.89,35.39,25.87,70.284,2.7
96,B0005,96,1.28989,0.040341,2.7049,66.19,40.36,25.05,69.498,2.7
97,B0005,97,1.28652,0.039867,2.6778,68.36,39.27,25.92,69.317,2.7
98,B0005,98,1.28461,0.041317,2.7027,67.13,37.62,25.78,69.214,2.7
99,B0005,99,1.28111,0.039065,2.7011,66.16,39.39,26.25,69.025,2.7
100,B0005,100,1.27771,0.039592,2.696,65.53,37.44,26.3,68.842,2.7
101,B0005,101,1.27042,0.039512,2.713,69.15,38.94,27.05,68.449,2.7
102,B0005,102,1.25314,0.039504,2.6733,69.48,38.9,26.08,67.518,2.7
103,B0005,103,1.25656,0.03985,2.7367,67.55,37.92,26.49,67.702,2.7
104,B0005,104,1.25316,0.041179,2.6881,68.19,41.36,26.87,67.52,2.7
105,B0005,105,1.25708,0.040841,2.6852,67.41,37.82,26.73,67.73,2.7
106,B0005,106,1.22582,0.042724,2.6976,67.08,34.75,25.45,66.047,2.7
107,B0005,107,1.24099,0.041809,2.6807,65.9,36.56,27.06,66.864,2.7
108,B0005,108,1.22739,0.040797,2.6963,67.55,31.43,26.15,66.131,2.7
109,B0005,109,1.2227,0.042807,2.7277,69.77,36.14,25.73,65.878,2.7
110,B0005,110,1.24023,0.042547,2.7002,68.16,37.6,26.2,66.823,2.7
111,B0005,111,1.21016,0.042313,2.6995,67.5,34.88,26.31,65.202,2.7
112,B0005,112,1.20783,0.044203,2.6602,70.08,38.73,25.32,65.077,2.7
113,B0005,113,1.20226,0.042953,2.6789,67.39,33.85,27.17,64.777,2.7
114,B0005,114,1.20764,0.044517,2.7108,66.99,35.18,26.62,65.067,2.7
115,B0005,115,1.18555,0.04432,2.6964,68.24,36.99,26.59,63.876,2.7
116,B0005,116,1.18762,0.044927,2.6838,69.84,36.81,26.24,63.988,2.7
117,B0005,117,1.18831,0.043249,2.7139,68.76,34.6,26.83,64.025,2.7
118,B0005,118,1.17528,0.043373,2.6767,70.07,32.7,27.19,63.323,2.7
119,B0005,119,1.15948,0.046107,2.7032,69.13,33.69,26.66,62.472,2.7
120,B0005,120,1.17108,0.045883,2.7017,69.63,34.41,26.42,63.097,2.7
121,B0005,121,1.1691,0.043882,2.6798,70.63,35.41,26.25,62.99,2.7
122,B0005,122,1.16205,0.045778,2.6919,68.47,35.25,25.95,62.611,2.7
123,B0005,123,1.16046,0.044388,2.7154,70.47,35.33,26.86,62.525,2.7
124,B0005,124,1.16582,0.046811,2.6724,67.96,33.72,26.51,62.813,2.7
125,B0005,125,1.15195,0.045669,2.7028,68.87,33.34,25.73,62.066,2.7
126,B0005,126,1.13575,0.045419,2.6854,71.7,32.17,27.74,61.193,2.7
127,B0005,127,1.14243,0.046898,2.6871,71.29,33.12,26.56,61.553,2.7
128,B0005,128,1.15432,0.046923,2.7172,69.31,34.56,27.39,62.194,2.7
129,B0005,129,1.1242,0.0487,2.7106,69.64,34.99,27.08,60.571,2.7
130,B0005,130,1.12957,0.046244,2.6891,70.23,33.74,26.78,60.861,2.7
131,B0005,131,1.12142,0.046682,2.7057,71.64,34.76,27.03,60.422,2.7
132,B0005,132,1.12209,0.048367,2.6989,68.35,34.52,26.68,60.457,2.7
133,B0005,133,1.11302,0.047229,2.6838,72.54,33.31,26.86,59.969,2.7
134,B0005,134,1.10652,0.048524,2.7141,70.31,33.39,26.36,59.619,2.7
135,B0005,135,1.09828,0.048503,2.7033,70.48,35.46,26.14,59.175,2.7
136,B0005,136,1.09573,0.048648,2.7217,71.61,34.94,25.85,59.037,2.7
137,B0005,137,1.09485,0.049962,2.7012,73.04,31.81,27.37,58.99,2.7
138,B0005,138,1.10661,0.04921,2.6933,73.74,36.36,26.36,59.623,2.7
139,B0005,139,1.08038,0.049525,2.6798,70.3,30.4,26.26,58.21,2.7
140,B0005,140,1.07899,0.050187,2.7233,70.3,34.34,26.57,58.135,2.7
141,B0005,141,1.07442,0.05079,2.6832,72.49,32.57,26.96,57.889,2.7
142,B0005,142,1.07269,0.052464,2.6904,71.24,30.93,26.52,57.796,2.7
143,B0005,143,1.06085,0.051701,2.7213,71.3,30.16,26.99,57.158,2.7
144,B0005,144,1.05712,0.051506,2.703,70.01,34.81,27.64,56.957,2.7
145,B0005,145,1.05224,0.05094,2.7043,72.9,32.88,27.72,56.694,2.7
146,B0005,146,1.05134,0.050861,2.6793,71.42,31.47,27.61,56.645,2.7
147,B0005,147,1.04424,0.051929,2.6998,74.42,36.38,26.5,56.263,2.7
148,B0005,148,1.04011,0.052835,2.7102,75.53,32.37,26.64,56.041,2.7
149,B0005,149,1.04441,0.053137,2.7123,73.64,33.47,27.42,56.272,2.7
150,B0005,150,1.04642,0.053019,2.6975,73.22,33.81,26.42,56.38,2.7
151,B0005,151,1.03399,0.052435,2.7004,75.04,31.4,26.82,55.711,2.7
152,B0005,152,1.01587,0.053597,2.7097,76.48,29.86,26.97,54.734,2.7
153,B0005,153,1.02445,0.054512,2.6986,73.78,31.95,27.0,55.197,2.7
154,B0005,154,1.01461,0.053655,2.7161,71.94,30.7,26.51,54.667,2.7
155,B0005,155,1.02349,0.052531,2.6916,74.17,33.84,26.77,55.145,2.7
156,B0005,156,1.00524,0.055505,2.6783,70.42,31.04,26.71,54.162,2.7
157,B0005,157,1.0,0.054817,2.7037,72.99,27.44,27.36,53.879,2.7
158,B0005,158,1.00643,0.054421,2.7277,72.35,27.14,26.56,54.226,2.7
159,B0005,159,1.0,0.054945,2.6964,74.61,27.5,27.65,53.879,2.7
160,B0005,160,1.0,0.055894,2.7051,74.89,31.14,27.2,53.879,2.7
161,B0005,161,1.0,0.056313,2.7029,75.38,29.82,27.72,53.879,2.7
162,B0005,162,1.0,0.056941,2.6994,72.29,30.26,26.7,53.879,2.7
163,B0005,163,1.0,0.055228,2.6933,71.73,29.1,25.73,53.879,2.7
164,B0005,164,1.0,0.056608,2.7118,75.32,28.07,27.0,53.879,2.7
165,B0005,165,1.0,0.055323,2.7226,76.12,29.56,26.96,53.879,2.7
166,B0005,166,1.0,0.054867,2.6963,73.9,28.0,26.79,53.879,2.7
167,B0005,167,1.0,0.057263,2.6914,75.9,32.8,27.52,53.879,2.7
168,B0005,168,1.0,0.056482,2.7105,75.75,31.79,27.33,53.879,2.7
169,B0006,1,1.84617,0.014822,2.5198,55.42,59.54,24.45,100.172,2.5
170,B0006,2,1.84608,0.015658,2.4902,54.51,54.74,25.05,100.167,2.5
171,B0006,3,1.82892,0.015291,2.4996,58.57,58.32,25.03,99.236,2.5
172,B0006,4,1.81832,0.016096,2.5092,53.95,54.03,24.02,98.661,2.5
173,B0006,5,1.81536,0.016768,2.4928,57.96,52.01,24.16,98.5,2.5
174,B0006,6,1.80758,0.017338,2.5253,55.03,56.38,24.91,98.078,2.5
175,B0006,7,1.79782,0.017457,2.5098,53.48,56.89,25.62,97.548,2.5
176,B0006,8,1.78757,0.017317,2.5074,56.35,52.53,24.59,96.992,2.5
177,B0006,9,1.78681,0.018188,2.5082,55.52,55.15,23.55,96.951,2.5
178,B0006,10,1.79124,0.016108,2.4946,54.52,51.15,25.44,97.191,2.5
179,B0006,11,1.77056,0.018027,2.4993,57.04,53.27,24.32,96.069,2.5
180,B0006,12,1.77762,0.017605,2.4767,55.8,56.33,25.36,96.453,2.5
181,B0006,13,1.75942,0.017971,2.4952,59.68,53.55,25.17,95.465,2.5
182,B0006,14,1.76574,0.018691,2.4961,56.39,52.83,24.98,95.808,2.5
183,B0006,15,1.75695,0.018792,2.511,56.68,52.87,24.0,95.331,2.5
184,B0006,16,1.7526,0.019277,2.515,52.58,56.75,24.96,95.095,2.5
185,B0006,17,1.74828,0.018418,2.5092,55.46,51.2,25.94,94.861,2.5
186,B0006,18,1.73057,0.019674,2.5131,57.9,52.22,25.23,93.899,2.5
187,B0006,19,1.7479,0.019704,2.503,58.86,54.65,25.64,94.84,2.5
188,B0006,20,1.72603,0.019086,2.5245,55.68,52.39,24.64,93.653,2.5
189,B0006,21,1.71372,0.020513,2.5048,58.15,54.64,25.32,92.985,2.5
190,B0006,22,1.70613,0.021271,2.5178,55.8,52.38,25.49,92.574,2.5
191,B0006,23,1.6997,0.021851,2.4977,57.95,50.64,25.17,92.225,2.5
192,B0006,24,1.68658,0.019848,2.5239,56.61,48.61,23.98,91.513,2.5
193,B0006,25,1.68477,0.020192,2.5246,59.51,49.17,26.2,91.415,2.5
194,B0006,26,1.69345,0.02124,2.4625,61.56,48.02,24.31,91.886,2.5
195,B0006,27,1.68792,0.023702,2.5208,59.09,51.83,25.69,91.586,2.5
196,B0006,28,1.67967,0.022225,2.5016,58.27,48.88,25.04,91.138,2.5
197,B0006,29,1.65174,0.022171,2.4852,56.82,49.91,25.88,89.623,2.5
198,B0006,30,1.6694,0.021244,2.4852,60.01,48.12,25.02,90.58,2.5
199,B0006,31,1.66025,0.021975,2.5016,56.72,48.6,25.33,90.084,2.5
200,B0006,32,1.63514,0.023352,2.4997,59.67,49.5,25.93,88.722,2.5
201,B0006,33,1.6448,0.022906,2.5018,59.77,49.44,25.24,89.246,2.5
202,B0006,34,1.63157,0.02297,2.479,61.7,46.46,24.88,88.528,2.5
203,B0006,35,1.62564,0.024466,2.4956,61.07,47.42,25.44,88.206,2.5
204,B0006,36,1.61883,0.025716,2.4822,59.78,49.83,25.58,87.837,2.5
205,B0006,37,1.61893,0.024146,2.5007,59.22,50.5,26.39,87.842,2.5
206,B0006,38,1.60985,0.023404,2.4987,63.43,46.69,26.07,87.349,2.5
207,B0006,39,1.62425,0.024307,2.5085,62.12,47.97,25.19,88.131,2.5
208,B0006,40,1.59821,0.024188,2.4903,57.96,48.01,24.91,86.718,2.5
209,B0006,41,1.59986,0.024005,2.505,61.17,44.01,25.47,86.808,2.5
210,B0006,42,1.60313,0.024532,2.5251,60.67,46.68,25.28,86.985,2.5
211,B0006,43,1.59145,0.025811,2.5081,58.78,48.08,24.67,86.351,2.5
212,B0006,44,1.57978,0.025277,2.489,62.13,49.58,25.65,85.718,2.5
213,B0006,45,1.56532,0.025997,2.5182,60.61,51.6,25.58,84.933,2.5
214,B0006,46,1.57126,0.026253,2.502,60.29,48.55,25.88,85.256,2.5
215,B0006,47,1.55686,0.025685,2.4725,61.4,44.5,24.29,84.474,2.5
216,B0006,48,1.56184,0.028994,2.4999,62.02,47.02,25.5,84.745,2.5
217,B0006,49,1.56104,0.027018,2.504,61.36,45.5,25.94,84.701,2.5
218,B0006,50,1.54564,0.026895,2.508,59.65,46.43,25.43,83.865,2.5
219,B0006,51,1.55144,0.02813,2.4996,62.35,49.32,25.78,84.18,2.5
220,B0006,52,1.53623,0.026951,2.484,60.78,44.87,25.34,83.355,2.5
221,B0006,53,1.53113,0.028674,2.4989,62.09,46.06,24.54,83.078,2.5
222,B0006,54,1.51667,0.028385,2.4819,62.38,48.56,26.12,82.294,2.5
223,B0006,55,1.51772,0.029943,2.5022,61.09,44.3,25.45,82.35,2.5
224,B0006,56,1.51067,0.029136,2.5024,61.72,46.19,26.15,81.968,2.5
225,B0006,57,1.51725,0.028062,2.4617,63.24,42.78,25.38,82.325,2.5
226,B0006,58,1.49273,0.028058,2.5081,63.1,43.63,24.2,80.995,2.5
227,B0006,59,1.49292,0.030063,2.4778,62.36,44.76,25.89,81.005,2.5
228,B0006,60,1.49349,0.029222,2.5179,61.96,44.75,25.09,81.036,2.5
229,B0006,61,1.48303,0.029542,2.4974,64.89,41.75,24.77,80.468,2.5
230,B0006,62,1.49487,0.030333,2.49,64.0,43.63,26.53,81.111,2.5
231,B0006,63,1.48236,0.03036,2.5324,61.65,45.95,25.77,80.432,2.5
232,B0006,64,1.48261,0.032249,2.5005,61.55,45.4,25.38,80.446,2.5
233,B0006,65,1.48367,0.031359,2.4945,63.08,41.82,25.19,80.503,2.5
234,B0006,66,1.47102,0.030974,2.4843,63.72,46.5,26.01,79.817,2.5
235,B0006,67,1.46387,0.031145,2.4787,65.29,43.27,25.54,79.429,2.5
236,B0006,68,1.46156,0.032445,2.5068,66.41,42.56,26.19,79.303,2.5
237,B0006,69,1.44483,0.032465,2.5229,64.04,44.42,26.27,78.395,2.5
238,B0006,70,1.43576,0.031829,2.4843,60.45,47.19,25.15,77.903,2.5
239,B0006,71,1.43179,0.032529,2.5046,64.74,44.67,25.44,77.688,2.5
240,B0006,72,1.42703,0.033226,2.4963,66.05,43.79,26.14,77.43,2.5
241,B0006,73,1.42927,0.034189,2.5027,61.81,43.68,25.5,77.551,2.5
242,B0006,74,1.41333,0.033969,2.5186,63.91,43.02,26.66,76.686,2.5
243,B0006,75,1.41505,0.035831,2.5085,61.36,43.96,26.1,76.78,2.5
244,B0006,76,1.4193,0.034539,2.4979,62.28,42.16,25.42,77.01,2.5
245,B0006,77,1.39729,0.034721,2.525,64.83,39.53,26.07,75.816,2.5
246,B0006,78,1.40812,0.034012,2.498,64.38,40.67,26.14,76.404,2.5
247,B0006,79,1.39111,0.035086,2.4867,63.82,43.18,25.68,75.481,2.5
248,B0006,80,1.40261,0.03468,2.5034,66.0,39.24,24.97,76.105,2.5
249,B0006,81,1.36822,0.03626,2.4917,68.56,39.92,26.03,74.239,2.5
250,B0006,82,1.39072,0.037105,2.5309,66.65,43.77,26.28,75.46,2.5
251,B0006,83,1.37875,0.035309,2.4877,64.95,41.02,25.66,74.81,2.5
252,B0006,84,1.37294,0.036764,2.5013,67.3,38.9,25.86,74.495,2.5
253,B0006,85,1.35515,0.034757,2.4988,65.02,43.68,26.17,73.53,2.5
254,B0006,86,1.34733,0.037983,2.5183,66.19,39.97,25.55,73.105,2.5
255,B0006,87,1.34816,0.037621,2.5283,67.75,39.47,25.45,73.151,2.5
256,B0006,88,1.34776,0.035585,2.5048,65.34,39.5,25.1,73.128,2.5
257,B0006,89,1.3461,0.036824,2.4825,61.37,40.33,26.85,73.039,2.5
258,B0006,90,1.35143,0.037134,2.491,66.5,38.55,26.13,73.328,2.5
259,B0006,91,1.33839,0.038732,2.4985,65.61,38.4,25.65,72.62,2.5
260,B0006,92,1.32449,0.038294,2.5137,64.84,42.72,25.91,71.866,2.5
261,B0006,93,1.32138,0.037652,2.4636,67.49,41.12,25.87,71.697,2.5
262,B0006,94,1.31724,0.038913,2.4766,65.49,41.11,25.45,71.472,2.5
263,B0006,95,1.31435,0.037665,2.507,66.35,36.2,26.59,71.316,2.5
264,B0006,96,1.30018,0.038352,2.503,68.24,36.97,26.08,70.547,2.5
265,B0006,97,1.30575,0.039804,2.5026,66.09,37.52,26.17,70.849,2.5
266,B0006,98,1.28735,0.037163,2.5065,68.12,33.89,25.48,69.851,2.5
267,B0006,99,1.2977,0.041396,2.5003,65.79,38.57,26.9,70.412,2.5
268,B0006,100,1.28145,0.039361,2.4928,65.57,38.69,26.91,69.531,2.5
269,B0006,101,1.28533,0.040048,2.4956,64.78,40.33,26.1,69.741,2.5
270,B0006,102,1.27596,0.043054,2.5045,66.11,37.43,26.87,69.233,2.5
271,B0006,103,1.27378,0.039599,2.5138,66.36,41.96,26.65,69.115,2.5
272,B0006,104,1.26393,0.042025,2.501,68.76,38.89,25.82,68.58,2.5
273,B0006,105,1.25737,0.042074,2.495,66.99,35.81,26.46,68.224,2.5
274,B0006,106,1.27695,0.040646,2.5004,69.84,38.15,26.39,69.286,2.5
275,B0006,107,1.24406,0.042093,2.4972,69.32,39.7,27.54,67.502,2.5
276,B0006,108,1.25408,0.042261,2.5029,67.43,38.3,26.11,68.046,2.5
277,B0006,109,1.24564,0.043304,2.4849,69.79,40.0,26.25,67.588,2.5
278,B0006,110,1.2203,0.042014,2.5195,68.17,34.61,25.99,66.213,2.5
279,B0006,111,1.24225,0.043187,2.4964,67.77,36.48,25.84,67.404,2.5
280,B0006,112,1.24452,0.042742,2.5183,70.72,39.33,26.06,67.527,2.5
281,B0006,113,1.22893,0.043231,2.4864,69.05,34.51,26.9,66.681,2.5
282,B0006,114,1.21644,0.043661,2.5042,68.29,37.67,26.09,66.003,2.5
283,B0006,115,1.22381,0.042673,2.5019,71.71,34.71,25.94,66.403,2.5
284,B0006,116,1.21594,0.044144,2.5053,69.65,37.75,26.91,65.976,2.5
285,B0006,117,1.21037,0.044057,2.5101,71.89,36.05,25.86,65.674,2.5
286,B0006,118,1.21203,0.044404,2.4674,70.43,35.29,26.32,65.764,2.5
287,B0006,119,1.20044,0.044902,2.5106,68.63,37.04,26.27,65.135,2.5
288,B0006,120,1.19951,0.045492,2.486,71.03,34.91,26.83,65.085,2.5
289,B0006,121,1.19158,0.046721,2.4966,69.0,35.71,26.34,64.655,2.5
290,B0006,122,1.19091,0.044207,2.4842,68.04,37.63,27.21,64.618,2.5
291,B0006,123,1.17821,0.045615,2.5011,71.5,33.49,26.55,63.929,2.5
292,B0006,124,1.18339,0.046401,2.5028,71.38,30.1,26.81,64.21,2.5
293,B0006,125,1.1642,0.044785,2.5077,72.06,34.65,26.86,63.169,2.5
294,B0006,126,1.18008,0.047552,2.5246,71.23,35.55,25.74,64.03,2.5
295,B0006,127,1.15885,0.046075,2.5326,69.98,35.01,26.73,62.878,2.5
296,B0006,128,1.15696,0.048356,2.4907,70.65,33.22,25.92,62.776,2.5
297,B0006,129,1.14659,0.04722,2.4936,69.44,31.59,26.48,62.213,2.5
298,B0006,130,1.13409,0.048108,2.5012,68.41,33.4,26.19,61.535,2.5
299,B0006,131,1.14605,0.048822,2.4719,70.89,34.06,26.94,62.184,2.5
300,B0006,132,1.14066,0.047398,2.4952,69.65,36.37,26.54,61.891,2.5
301,B0006,133,1.15142,0.048201,2.4894,68.69,30.94,25.78,62.475,2.5
302,B0006,134,1.1323,0.048907,2.4763,72.42,33.0,26.68,61.438,2.5
303,B0006,135,1.14001,0.049467,2.496,69.86,29.9,26.28,61.856,2.5
304,B0006,136,1.11921,0.04821,2.498,71.44,33.13,26.25,60.728,2.5
305,B0006,137,1.11825,0.049604,2.4836,73.56,33.35,26.65,60.676,2.5
306,B0006,138,1.11875,0.049687,2.5143,71.99,32.34,26.83,60.702,2.5
307,B0006,139,1.09773,0.049837,2.4995,71.37,32.67,25.72,59.562,2.5
308,B0006,140,1.09875,0.050074,2.5024,70.26,35.49,26.24,59.617,2.5
309,B0006,141,1.10809,0.050592,2.4903,74.58,30.86,27.16,60.124,2.5
310,B0006,142,1.10405,0.049964,2.5209,71.66,33.7,26.79,59.905,2.5
311,B0006,143,1.08954,0.051399,2.5119,69.54,35.29,25.91,59.118,2.5
312,B0006,144,1.09576,0.051901,2.4836,71.66,30.66,26.66,59.455,2.5
313,B0006,145,1.07942,0.051874,2.5197,74.49,31.26,26.66,58.569,2.5
314,B0006,146,1.06278,0.050855,2.5145,74.94,29.41,26.42,57.666,2.5
315,B0006,147,1.07344,0.051974,2.4879,73.28,31.26,26.76,58.244,2.5
316,B0006,148,1.07436,0.052005,2.4935,72.6,32.05,26.59,58.294,2.5
317,B0006,149,1.06289,0.053529,2.5084,72.44,33.28,26.69,57.672,2.5
318,B0006,150,1.07157,0.052796,2.4984,73.67,29.01,26.25,58.142,2.5
319,B0006,151,1.04606,0.052864,2.526,76.47,32.66,27.07,56.759,2.5
320,B0006,152,1.03641,0.052566,2.4882,72.31,30.76,26.57,56.235,2.5
321,B0006,153,1.03063,0.053848,2.4839,73.72,35.07,26.41,55.922,2.5
322,B0006,154,1.02151,0.053271,2.5165,76.42,28.19,27.09,55.427,2.5
323,B0006,155,1.03595,0.053665,2.5397,71.35,31.59,27.1,56.21,2.5
324,B0006,156,1.04577,0.054078,2.5046,73.13,31.91,26.71,56.743,2.5
325,B0006,157,1.03747,0.053954,2.5057,73.8,33.38,26.85,56.292,2.5
326,B0006,158,1.0118,0.05551,2.4864,72.98,29.16,27.65,54.9,2.5
327,B0006,159,1.00444,0.05726,2.5158,74.41,30.02,27.2,54.5,2.5
328,B0006,160,1.02426,0.055516,2.5083,74.33,30.33,26.89,55.576,2.5
329,B0006,161,1.01374,0.056157,2.5089,69.91,31.72,27.09,55.005,2.5
330,B0006,162,1.01126,0.055189,2.5169,75.86,28.79,27.15,54.871,2.5
331,B0006,163,1.0,0.054646,2.4906,75.85,31.91,27.17,54.259,2.5
332,B0006,164,1.00987,0.056413,2.4904,75.33,31.9,27.39,54.795,2.5
333,B0006,165,1.01001,0.056817,2.5053,76.41,30.25,26.59,54.803,2.5
334,B0006,166,1.0,0.055904,2.4899,74.7,28.42,26.83,54.259,2.5
335,B0006,167,1.0,0.056921,2.5,73.81,31.32,27.5,54.259,2.5
336,B0006,168,1.0,0.05639,2.4885,73.75,31.66,26.91,54.259,2.5
337,B0007,1,1.88352,0.013647,2.2095,53.26,56.63,24.87,99.604,2.2
338,B0007,2,1.88927,0.014453,2.1547,55.52,60.28,25.39,99.909,2.2
339,B0007,3,1.87561,0.015357,2.2121,53.9,57.22,25.07,99.186,2.2
340,B0007,4,1.87596,0.018208,2.2059,54.72,56.23,24.09,99.205,2.2
341,B0007,5,1.85809,0.015923,2.1921,55.83,54.1,25.41,98.26,2.2
342,B0007,6,1.85737,0.016493,2.1951,55.95,57.37,24.45,98.222,2.2
343,B0007,7,1.84719,0.016507,2.1798,54.61,54.46,25.32,97.683,2.2
344,B0007,8,1.84808,0.017155,2.2128,55.75,56.22,24.86,97.73,2.2
345,B0007,9,1.84255,0.016784,2.1634,55.88,58.12,25.36,97.438,2.2
346,B0007,10,1.84191,0.018489,2.2013,56.5,54.02,24.83,97.404,2.2
347,B0007,11,1.83394,0.018713,2.1979,55.64,55.02,25.3,96.982,2.2
348,B0007,12,1.814,0.016163,2.1917,54.61,53.4,24.79,95.928,2.2
349,B0007,13,1.81543,0.019412,2.2049,57.01,55.71,24.47,96.003,2.2
350,B0007,14,1.82037,0.018439,2.2101,55.07,51.5,25.39,96.265,2.2
351,B0007,15,1.81025,0.018028,2.187,58.49,51.93,25.78,95.73,2.2
352,B0007,16,1.79583,0.019511,2.1951,57.82,52.79,24.96,94.967,2.2
353,B0007,17,1.79695,0.018448,2.2111,56.27,53.45,24.49,95.027,2.2
354,B0007,18,1.77327,0.019347,2.2362,58.34,53.16,24.9,93.774,2.2
355,B0007,19,1.78592,0.020188,2.1823,58.95,55.01,25.44,94.443,2.2
356,B0007,20,1.7834,0.020016,2.2101,58.29,52.79,24.78,94.31,2.2
357,B0007,21,1.77561,0.021489,2.1814,55.32,53.6,25.17,93.898,2.2
358,B0007,22,1.7707,0.020695,2.1967,59.87,49.92,24.69,93.638,2.2
359,B0007,23,1.76336,0.019435,2.1974,60.25,52.94,25.15,93.25,2.2
360,B0007,24,1.74986,0.020507,2.1944,57.4,55.06,25.37,92.536,2.2
361,B0007,25,1.74552,0.021447,2.2075,59.71,55.53,24.64,92.307,2.2
362,B0007,26,1.74225,0.020494,2.1965,58.82,54.24,25.06,92.134,2.2
363,B0007,27,1.74032,0.021871,2.1875,61.37,48.99,25.26,92.032,2.2
364,B0007,28,1.75137,0.022005,2.1971,57.82,52.18,25.86,92.616,2.2
365,B0007,29,1.71637,0.023477,2.1786,58.08,50.63,25.55,90.765,2.2
366,B0007,30,1.71534,0.02287,2.2304,56.56,51.84,24.89,90.711,2.2
367,B0007,31,1.72418,0.022765,2.1904,59.45,55.33,25.12,91.178,2.2
368,B0007,32,1.72093,0.021965,2.1857,59.55,54.6,25.35,91.006,2.2
369,B0007,33,1.70839,0.023249,2.1812,59.87,53.02,25.01,90.343,2.2
370,B0007,34,1.702,0.023713,2.1934,58.98,55.26,25.14,90.005,2.2
371,B0007,35,1.6975,0.023232,2.2112,58.93,49.63,25.9,89.767,2.2
372,B0007,36,1.70467,0.02352,2.172,60.83,49.77,25.65,90.147,2.2
373,B0007,37,1.67568,0.024964,2.1818,60.54,50.3,24.85,88.614,2.2
374,B0007,38,1.68137,0.025049,2.2016,60.44,54.39,24.55,88.915,2.2
375,B0007,39,1.6903,0.024833,2.1865,57.68,50.33,25.79,89.387,2.2
376,B0007,40,1.67286,0.026209,2.1782,59.78,47.68,25.58,88.464,2.2
377,B0007,41,1.67474,0.024913,2.1609,60.22,51.12,25.53,88.564,2.2
378,B0007,42,1.67197,0.024643,2.2102,61.83,46.6,25.47,88.417,2.2
379,B0007,43,1.65459,0.025685,2.2052,59.43,48.29,25.39,87.498,2.2
380,B0007,44,1.64532,0.025131,2.2102,58.56,50.69,25.57,87.008,2.2
381,B0007,45,1.63567,0.025708,2.2179,58.93,48.14,25.6,86.498,2.2
382,B0007,46,1.64807,0.026299,2.191,62.65,52.92,25.89,87.153,2.2
383,B0007,47,1.63802,0.026103,2.1875,61.42,49.98,26.09,86.622,2.2
384,B0007,48,1.63683,0.025798,2.2158,59.26,48.34,25.5,86.559,2.2
385,B0007,49,1.64111,0.029738,2.2091,60.61,50.3,26.03,86.785,2.2
386,B0007,50,1.61977,0.028936,2.2035,61.75,49.92,25.75,85.657,2.2
387,B0007,51,1.62277,0.027256,2.1916,59.47,49.56,25.84,85.815,2.2
388,B0007,52,1.61499,0.02934,2.1999,62.24,46.27,25.37,85.404,2.2
389,B0007,53,1.61156,0.028929,2.1956,61.25,45.31,25.36,85.223,2.2
390,B0007,54,1.60784,0.02896,2.2075,61.55,48.25,25.21,85.026,2.2
391,B0007,55,1.60142,0.029087,2.2074,60.81,43.74,26.1,84.686,2.2
392,B0007,56,1.58811,0.02831,2.2104,61.13,49.76,25.82,83.983,2.2
393,B0007,57,1.59119,0.028157,2.2182,62.23,47.0,25.57,84.146,2.2
394,B0007,58,1.56893,0.029827,2.1846,59.93,44.02,26.15,82.968,2.2
395,B0007,59,1.57193,0.030977,2.192,59.52,44.92,26.27,83.127,2.2
396,B0007,60,1.57022,0.029561,2.2024,62.95,49.34,26.3,83.036,2.2
397,B0007,61,1.56378,0.029189,2.1938,62.71,44.99,25.08,82.696,2.2
398,B0007,62,1.5637,0.030461,2.2005,61.3,46.45,25.16,82.692,2.2
399,B0007,63,1.56253,0.031578,2.1723,61.17,43.88,25.36,82.63,2.2
400,B0007,64,1.55073,0.02984,2.1862,61.17,46.94,25.63,82.006,2.2
401,B0007,65,1.54129,0.031391,2.1918,62.39,49.59,26.34,81.507,2.2
402,B0007,66,1.53228,0.032164,2.2122,61.2,47.61,26.48,81.03,2.2
403,B0007,67,1.52857,0.031016,2.2153,63.45,46.96,25.82,80.834,2.2
404,B0007,68,1.53422,0.030939,2.2157,64.91,45.57,25.63,81.133,2.2
405,B0007,69,1.51584,0.032661,2.2086,63.19,47.72,25.57,80.161,2.2
406,B0007,70,1.52559,0.031684,2.1996,63.14,46.22,25.51,80.676,2.2
407,B0007,71,1.51581,0.033411,2.1934,61.11,48.97,26.47,80.159,2.2
408,B0007,72,1.50278,0.033552,2.1925,64.04,45.67,25.67,79.47,2.2
409,B0007,73,1.50145,0.032698,2.1863,62.51,44.91,25.39,79.4,2.2
410,B0007,74,1.50683,0.03469,2.1913,64.24,46.2,26.09,79.685,2.2
411,B0007,75,1.49772,0.034344,2.2072,62.14,46.67,26.28,79.203,2.2
412,B0007,76,1.48699,0.03403,2.2102,63.81,46.76,27.0,78.635,2.2
413,B0007,77,1.48198,0.033145,2.2046,65.32,44.0,26.49,78.37,2.2
414,B0007,78,1.47328,0.035054,2.1909,66.94,48.18,25.49,77.91,2.2
415,B0007,79,1.47397,0.035438,2.1942,64.41,44.27,24.93,77.947,2.2
416,B0007,80,1.47291,0.034448,2.1926,66.77,41.67,26.24,77.89,2.2
417,B0007,81,1.46624,0.035026,2.2119,65.23,45.13,26.35,77.538,2.2
418,B0007,82,1.46108,0.03501,2.1837,63.6,49.73,26.49,77.265,2.2
419,B0007,83,1.44916,0.034692,2.2072,65.78,44.57,25.72,76.634,2.2
420,B0007,84,1.45296,0.036262,2.2013,61.75,43.13,25.51,76.836,2.2
421,B0007,85,1.4503,0.038638,2.2055,64.73,45.35,26.3,76.695,2.2
422,B0007,86,1.44726,0.036985,2.2308,63.62,44.37,25.51,76.534,2.2
423,B0007,87,1.44346,0.036015,2.1937,65.0,45.26,26.38,76.333,2.2
424,B0007,88,1.42612,0.037044,2.1894,63.67,42.35,25.82,75.416,2.2
425,B0007,89,1.4471,0.037596,2.1793,64.83,45.46,27.05,76.526,2.2
426,B0007,90,1.4143,0.035996,2.2281,66.38,40.69,26.19,74.791,2.2
427,B0007,91,1.40225,0.037753,2.2049,67.31,40.04,26.06,74.154,2.2
428,B0007,92,1.40952,0.038204,2.1866,65.43,40.29,26.36,74.539,2.2
429,B0007,93,1.41733,0.038062,2.2006,63.99,41.92,26.0,74.951,2.2
430,B0007,94,1.42499,0.03761,2.222,67.78,43.31,26.89,75.357,2.2
431,B0007,95,1.40459,0.039061,2.1992,68.24,44.33,25.77,74.278,2.2
432,B0007,96,1.3881,0.038838,2.188,66.42,44.12,25.84,73.405,2.2
433,B0007,97,1.39239,0.039296,2.2127,63.27,40.56,26.2,73.632,2.2
434,B0007,98,1.39646,0.039106,2.1719,67.69,40.62,25.49,73.848,2.2
435,B0007,99,1.37907,0.039602,2.1909,63.57,43.17,26.75,72.928,2.2
436,B0007,100,1.38339,0.03909,2.197,66.99,42.7,26.42,73.156,2.2
437,B0007,101,1.36908,0.040316,2.2069,69.3,42.48,26.54,72.4,2.2
438,B0007,102,1.37022,0.041628,2.2061,65.95,43.91,26.57,72.46,2.2
439,B0007,103,1.36195,0.040366,2.2044,68.05,41.25,26.31,72.023,2.2
440,B0007,104,1.37238,0.041857,2.2029,68.89,39.11,26.43,72.574,2.2
441,B0007,105,1.36859,0.041076,2.1873,66.62,38.88,25.8,72.374,2.2
442,B0007,106,1.34878,0.040376,2.2002,69.07,38.65,26.91,71.326,2.2
443,B0007,107,1.35041,0.042574,2.1901,69.12,38.33,26.72,71.412,2.2
444,B0007,108,1.3435,0.042443,2.1824,66.62,41.5,25.79,71.047,2.2
445,B0007,109,1.34103,0.041156,2.2127,66.23,41.34,26.51,70.916,2.2
446,B0007,110,1.3284,0.042966,2.2039,67.39,37.83,25.31,70.248,2.2
447,B0007,111,1.33122,0.041498,2.2014,67.92,41.29,26.06,70.398,2.2
448,B0007,112,1.32198,0.043585,2.205,68.91,40.6,25.56,69.909,2.2
449,B0007,113,1.3251,0.04374,2.1847,68.19,39.67,26.27,70.074,2.2
450,B0007,114,1.31768,0.044645,2.2162,66.71,40.77,27.05,69.681,2.2
451,B0007,115,1.31359,0.044623,2.2302,70.34,39.91,26.9,69.465,2.2
452,B0007,116,1.30745,0.044019,2.1947,71.27,37.59,27.11,69.14,2.2
453,B0007,117,1.30549,0.043131,2.2055,65.89,40.42,26.74,69.037,2.2
454,B0007,118,1.29342,0.044599,2.2293,68.4,36.68,27.12,68.399,2.2
455,B0007,119,1.30689,0.044753,2.2152,71.29,37.72,26.14,69.111,2.2
456,B0007,120,1.29736,0.046348,2.2084,68.08,42.89,26.21,68.607,2.2
457,B0007,121,1.282,0.045524,2.2233,70.8,39.29,26.66,67.795,2.2
458,B0007,122,1.28026,0.045947,2.1621,69.2,38.89,25.87,67.703,2.2
459,B0007,123,1.27828,0.045586,2.2263,72.12,37.42,26.36,67.598,2.2
460,B0007,124,1.27069,0.045639,2.2029,68.74,35.86,26.75,67.197,2.2
461,B0007,125,1.27126,0.045607,2.2134,69.05,38.64,26.84,67.227,2.2
462,B0007,126,1.26227,0.046864,2.1923,69.83,37.46,26.13,66.751,2.2
463,B0007,127,1.25693,0.045511,2.1926,69.81,37.2,26.31,66.469,2.2
464,B0007,128,1.25341,0.047384,2.2131,69.39,35.2,26.01,66.283,2.2
465,B0007,129,1.24611,0.046968,2.1885,68.54,36.47,26.6,65.897,2.2
466,B0007,130,1.24938,0.047054,2.1938,69.21,37.42,26.09,66.07,2.2
467,B0007,131,1.24493,0.046321,2.1946,71.17,37.72,27.82,65.835,2.2
468,B0007,132,1.23908,0.047197,2.1986,68.18,37.01,26.1,65.525,2.2
469,B0007,133,1.23876,0.04781,2.1982,70.01,40.64,26.39,65.508,2.2
470,B0007,134,1.24092,0.049151,2.2072,71.63,38.02,25.66,65.622,2.2
471,B0007,135,1.22188,0.049426,2.1993,69.09,36.55,27.49,64.616,2.2
472,B0007,136,1.22831,0.04895,2.2143,70.77,33.44,26.15,64.956,2.2
473,B0007,137,1.22629,0.049031,2.1963,70.99,40.6,27.43,64.849,2.2
474,B0007,138,1.22665,0.049373,2.2044,69.29,39.75,26.05,64.868,2.2
475,B0007,139,1.20842,0.048872,2.1912,70.42,35.04,26.34,63.904,2.2
476,B0007,140,1.19886,0.050667,2.1834,72.13,38.4,26.45,63.398,2.2
477,B0007,141,1.19347,0.050066,2.2177,72.21,34.74,26.91,63.113,2.2
478,B0007,142,1.1866,0.051045,2.2061,71.58,33.92,26.28,62.75,2.2
479,B0007,143,1.19388,0.051733,2.1904,72.85,31.64,26.47,63.135,2.2
480,B0007,144,1.18575,0.050272,2.186,71.28,36.16,26.59,62.705,2.2
481,B0007,145,1.16614,0.049553,2.1909,73.09,29.49,26.39,61.668,2.2
482,B0007,146,1.17398,0.052611,2.1942,73.09,35.5,25.74,62.082,2.2
483,B0007,147,1.1789,0.051922,2.2076,78.53,31.2,27.63,62.343,2.2
484,B0007,148,1.16739,0.05223,2.1993,72.12,33.88,26.95,61.734,2.2
485,B0007,149,1.15466,0.05285,2.1938,71.18,33.74,27.45,61.061,2.2
486,B0007,150,1.15742,0.052787,2.189,74.14,36.09,27.74,61.207,2.2
487,B0007,151,1.15585,0.053285,2.2015,75.06,33.24,27.21,61.123,2.2
488,B0007,152,1.15162,0.052949,2.2014,73.62,34.32,26.93,60.9,2.2
489,B0007,153,1.15995,0.054038,2.213,72.68,33.02,27.36,61.341,2.2
490,B0007,154,1.15097,0.054678,2.1909,73.14,31.25,26.72,60.866,2.2
491,B0007,155,1.14776,0.053377,2.2096,73.31,35.08,26.27,60.696,2.2
492,B0007,156,1.13733,0.051607,2.1972,71.27,36.53,27.14,60.144,2.2
493,B0007,157,1.13596,0.055467,2.1858,76.46,35.94,26.84,60.072,2.2
494,B0007,158,1.13661,0.053615,2.1876,73.05,33.04,26.33,60.106,2.2
495,B0007,159,1.1332,0.054543,2.2053,73.22,30.35,27.04,59.926,2.2
496,B0007,160,1.10725,0.054945,2.1795,77.18,35.04,26.98,58.554,2.2
497,B0007,161,1.12548,0.054573,2.2082,74.62,34.29,27.55,59.518,2.2
498,B0007,162,1.11777,0.055731,2.1752,73.0,33.29,27.02,59.11,2.2
499,B0007,163,1.10075,0.057679,2.2227,75.46,33.17,26.97,58.21,2.2
500,B0007,164,1.09803,0.056062,2.2039,72.82,33.61,26.91,58.066,2.2
501,B0007,165,1.08738,0.055562,2.1938,77.63,33.73,26.3,57.503,2.2
502,B0007,166,1.10018,0.055262,2.2162,74.21,32.82,27.61,58.18,2.2
503,B0007,167,1.08383,0.055632,2.1912,76.6,29.48,25.55,57.315,2.2
504,B0007,168,1.08575,0.057441,2.218,74.47,31.75,27.64,57.417,2.2
505,B0018,1,1.83614,0.014939,2.5029,55.79,54.06,24.81,98.611,2.5
506,B0018,2,1.82281,0.014973,2.5068,53.77,54.8,25.02,97.895,2.5
507,B0018,3,1.83714,0.015886,2.4856,55.05,56.33,24.93,98.665,2.5
508,B0018,4,1.8276,0.016179,2.5107,52.41,57.15,24.69,98.152,2.5
509,B0018,5,1.83062,0.017208,2.4794,54.54,54.34,24.53,98.315,2.5
510,B0018,6,1.83664,0.015815,2.4917,56.03,52.69,24.65,98.638,2.5
511,B0018,7,1.81541,0.016484,2.4986,55.05,51.43,25.04,97.498,2.5
512,B0018,8,1.82274,0.017015,2.5034,57.0,52.14,25.76,97.892,2.5
513,B0018,9,1.80019,0.018555,2.489,58.81,55.56,25.27,96.681,2.5
514,B0018,10,1.7935,0.017301,2.518,56.41,49.87,24.36,96.321,2.5
515,B0018,11,1.78231,0.017998,2.4992,58.15,49.57,25.03,95.72,2.5
516,B0018,12,1.75902,0.018608,2.4986,57.07,51.04,25.63,94.469,2.5
517,B0018,13,1.78066,0.018717,2.4981,57.43,52.01,25.43,95.632,2.5
518,B0018,14,1.7798,0.019356,2.4891,57.22,50.81,25.32,95.585,2.5
519,B0018,15,1.76089,0.017254,2.4826,56.38,52.22,24.32,94.57,2.5
520,B0018,16,1.75337,0.019201,2.4971,55.79,54.7,25.85,94.166,2.5
521,B0018,17,1.73775,0.01876,2.5074,56.5,51.85,25.37,93.327,2.5
522,B0018,18,1.71662,0.020555,2.5011,56.54,51.32,25.08,92.192,2.5
523,B0018,19,1.71155,0.020946,2.5006,57.94,53.25,24.61,91.92,2.5
524,B0018,20,1.72676,0.019786,2.5127,54.21,51.6,24.75,92.737,2.5
525,B0018,21,1.71953,0.020626,2.4894,56.45,51.36,24.65,92.349,2.5
526,B0018,22,1.71683,0.020205,2.4564,57.08,49.43,24.26,92.203,2.5
527,B0018,23,1.68925,0.020838,2.5199,58.23,49.46,25.34,90.722,2.5
528,B0018,24,1.69026,0.020444,2.4827,55.25,49.93,25.17,90.777,2.5
529,B0018,25,1.68714,0.020917,2.4858,58.91,47.98,25.5,90.609,2.5
530,B0018,26,1.67135,0.020898,2.478,57.37,52.09,25.37,89.761,2.5
531,B0018,27,1.68444,0.022168,2.4834,57.74,48.97,25.85,90.464,2.5
532,B0018,28,1.65599,0.022715,2.5134,61.1,48.86,25.57,88.936,2.5
533,B0018,29,1.68409,0.021756,2.477,55.66,51.95,24.22,90.445,2.5
534,B0018,30,1.65089,0.02285,2.5028,59.24,49.97,25.86,88.662,2.5
535,B0018,31,1.63844,0.022208,2.4884,59.97,50.95,25.41,87.994,2.5
536,B0018,32,1.65317,0.022058,2.525,61.12,51.07,26.07,88.784,2.5
537,B0018,33,1.61815,0.02283,2.489,60.04,46.44,25.6,86.904,2.5
538,B0018,34,1.64183,0.024056,2.5043,57.6,47.56,25.91,88.176,2.5
539,B0018,35,1.62934,0.023719,2.4937,56.16,46.74,26.22,87.505,2.5
540,B0018,36,1.60218,0.024152,2.5151,57.44,48.43,25.76,86.046,2.5
541,B0018,37,1.60857,0.026545,2.475,61.03,47.91,25.8,86.389,2.5
542,B0018,38,1.60633,0.023913,2.5034,56.77,49.4,25.42,86.269,2.5
543,B0018,39,1.60179,0.025596,2.5055,59.9,46.29,25.01,86.025,2.5
544,B0018,40,1.60078,0.026149,2.4964,59.87,46.21,25.98,85.971,2.5
545,B0018,41,1.58909,0.026803,2.4868,59.35,48.14,25.75,85.343,2.5
546,B0018,42,1.57382,0.024802,2.5132,61.12,45.38,26.0,84.523,2.5
547,B0018,43,1.58124,0.025857,2.5012,60.99,45.71,25.39,84.922,2.5
548,B0018,44,1.54159,0.026701,2.4766,62.54,45.59,25.32,82.792,2.5
549,B0018,45,1.55043,0.02602,2.5213,56.67,49.07,25.56,83.267,2.5
550,B0018,46,1.53825,0.02564,2.5251,59.1,43.84,25.94,82.613,2.5
551,B0018,47,1.54733,0.026,2.5032,59.1,48.62,25.92,83.101,2.5
552,B0018,48,1.54291,0.027289,2.5264,60.76,43.92,25.68,82.863,2.5
553,B0018,49,1.55212,0.026438,2.4946,61.5,46.46,24.92,83.357,2.5
554,B0018,50,1.53615,0.029356,2.5029,59.64,42.99,25.69,82.5,2.5
555,B0018,51,1.52967,0.02813,2.5,60.24,43.71,25.92,82.152,2.5
556,B0018,52,1.52148,0.026763,2.5238,62.1,48.44,24.76,81.712,2.5
557,B0018,53,1.49242,0.028131,2.5075,64.05,46.18,25.38,80.151,2.5
558,B0018,54,1.48956,0.029484,2.4855,63.92,44.12,26.37,79.998,2.5
559,B0018,55,1.50038,0.02864,2.4922,61.09,45.87,25.57,80.579,2.5
560,B0018,56,1.48143,0.028867,2.5012,58.53,45.36,25.05,79.561,2.5
561,B0018,57,1.46964,0.0279,2.4731,59.81,42.67,26.46,78.928,2.5
562,B0018,58,1.46973,0.029642,2.506,62.16,43.94,24.98,78.933,2.5
563,B0018,59,1.48333,0.031196,2.4748,60.54,43.94,25.18,79.663,2.5
564,B0018,60,1.46773,0.029417,2.5325,63.99,44.46,26.08,78.826,2.5
565,B0018,61,1.4676,0.029799,2.4878,62.44,45.75,25.66,78.819,2.5
566,B0018,62,1.43466,0.029858,2.4989,62.33,46.98,24.9,77.049,2.5
567,B0018,63,1.44939,0.031941,2.5341,61.95,44.46,25.99,77.84,2.5
568,B0018,64,1.44021,0.030921,2.5065,58.88,44.57,25.71,77.347,2.5
569,B0018,65,1.42996,0.032887,2.4899,62.2,46.88,25.34,76.797,2.5
570,B0018,66,1.42064,0.031382,2.5126,63.23,40.03,25.41,76.296,2.5
571,B0018,67,1.41404,0.031688,2.5064,63.67,38.87,26.22,75.942,2.5
572,B0018,68,1.41663,0.033108,2.5067,64.81,43.43,26.44,76.081,2.5
573,B0018,69,1.41333,0.032172,2.5341,64.61,43.55,25.08,75.904,2.5
574,B0018,70,1.38924,0.032734,2.5022,62.48,41.96,26.54,74.61,2.5
575,B0018,71,1.40312,0.031837,2.4983,62.31,41.32,25.49,75.356,2.5
576,B0018,72,1.38545,0.031996,2.4981,62.8,35.7,26.73,74.406,2.5
577,B0018,73,1.39518,0.032949,2.5003,62.0,45.25,26.71,74.929,2.5
578,B0018,74,1.37995,0.034319,2.5026,61.87,40.57,25.9,74.111,2.5
579,B0018,75,1.36795,0.033575,2.4986,63.88,41.14,25.26,73.467,2.5
580,B0018,76,1.35945,0.032972,2.5147,60.96,43.09,26.45,73.01,2.5
581,B0018,77,1.35773,0.032167,2.4946,64.14,38.71,25.46,72.918,2.5
582,B0018,78,1.37022,0.035032,2.4861,61.96,40.45,25.76,73.588,2.5
583,B0018,79,1.35405,0.034322,2.5077,67.38,42.25,25.81,72.72,2.5
584,B0018,80,1.34145,0.034715,2.5177,63.66,40.33,25.88,72.043,2.5
585,B0018,81,1.33247,0.034152,2.5048,64.63,40.97,25.55,71.561,2.5
586,B0018,82,1.34392,0.034799,2.5257,62.22,41.19,26.09,72.176,2.5
587,B0018,83,1.318,0.03609,2.5192,61.63,40.55,24.68,70.784,2.5
588,B0018,84,1.31056,0.037303,2.4913,63.32,38.92,27.02,70.385,2.5
589,B0018,85,1.29618,0.035409,2.5225,67.99,38.68,25.27,69.612,2.5
590,B0018,86,1.32974,0.037776,2.5102,64.1,39.79,25.93,71.415,2.5
591,B0018,87,1.3064,0.037911,2.5132,63.82,41.95,26.18,70.161,2.5
592,B0018,88,1.30429,0.038173,2.4833,65.51,38.07,25.25,70.048,2.5
593,B0018,89,1.29523,0.039259,2.4724,65.63,40.14,26.16,69.561,2.5
594,B0018,90,1.28499,0.036461,2.5035,64.66,34.17,26.54,69.011,2.5
595,B0018,91,1.29008,0.037791,2.5034,67.53,39.15,26.47,69.285,2.5
596,B0018,92,1.27192,0.03905,2.5048,66.33,35.62,26.23,68.309,2.5
597,B0018,93,1.26098,0.037739,2.4878,64.56,42.08,26.68,67.722,2.5
598,B0018,94,1.28293,0.037522,2.5011,64.34,37.1,25.54,68.901,2.5
599,B0018,95,1.27057,0.038433,2.516,67.31,42.72,25.31,68.237,2.5
600,B0018,96,1.26523,0.039917,2.4854,68.03,38.63,26.02,67.95,2.5
601,B0018,97,1.23887,0.038675,2.5307,66.64,38.73,25.67,66.534,2.5
602,B0018,98,1.23381,0.040366,2.4798,66.14,37.08,26.21,66.262,2.5
603,B0018,99,1.23432,0.040067,2.5104,67.98,35.06,25.99,66.29,2.5
604,B0018,100,1.24259,0.040716,2.4794,67.53,33.32,26.19,66.734,2.5
605,B0018,101,1.24416,0.039492,2.4875,68.27,34.24,25.79,66.819,2.5
606,B0018,102,1.22571,0.039993,2.4965,68.36,37.61,26.27,65.828,2.5
607,B0018,103,1.21093,0.041046,2.4981,68.05,35.33,26.1,65.034,2.5
608,B0018,104,1.19901,0.040972,2.4878,65.81,36.49,26.29,64.394,2.5
609,B0018,105,1.21135,0.040905,2.5061,68.43,37.23,25.77,65.056,2.5
610,B0018,106,1.19964,0.041791,2.5001,64.59,36.31,27.34,64.428,2.5
611,B0018,107,1.18919,0.041168,2.5056,68.31,38.06,25.57,63.866,2.5
612,B0018,108,1.19476,0.042472,2.4979,68.47,37.9,26.7,64.166,2.5
613,B0018,109,1.17069,0.042906,2.499,68.19,35.27,26.21,62.873,2.5
614,B0018,110,1.18873,0.042433,2.4832,67.61,36.02,26.88,63.842,2.5
615,B0018,111,1.17755,0.04207,2.5373,68.72,37.88,26.17,63.241,2.5
616,B0018,112,1.17158,0.043672,2.5183,70.03,36.89,26.17,62.921,2.5
617,B0018,113,1.15527,0.043516,2.514,68.23,36.79,27.05,62.045,2.5
618,B0018,114,1.14658,0.04283,2.4979,69.14,33.35,26.96,61.578,2.5
619,B0018,115,1.15476,0.043782,2.4785,66.83,35.2,25.27,62.017,2.5
620,B0018,116,1.15543,0.043873,2.5486,72.38,34.3,26.29,62.053,2.5
621,B0018,117,1.15007,0.045613,2.4754,66.36,33.26,26.72,61.765,2.5
622,B0018,118,1.1399,0.045356,2.482,65.69,35.91,26.0,61.219,2.5
623,B0018,119,1.10959,0.044866,2.5119,69.1,32.37,26.31,59.591,2.5
624,B0018,120,1.12092,0.043922,2.4893,70.18,34.27,26.43,60.2,2.5
625,B0018,121,1.10955,0.045105,2.4673,69.79,36.14,25.67,59.589,2.5
626,B0018,122,1.10852,0.045763,2.5188,68.97,31.87,25.46,59.534,2.5
627,B0018,123,1.11032,0.047384,2.5042,69.73,33.95,26.52,59.631,2.5
628,B0018,124,1.09607,0.046659,2.5034,69.91,30.93,27.14,58.865,2.5
629,B0018,125,1.10579,0.045808,2.515,69.25,31.61,26.06,59.387,2.5
630,B0018,126,1.07638,0.046877,2.4725,68.28,28.14,26.46,57.808,2.5
631,B0018,127,1.08755,0.046489,2.4844,68.48,33.56,26.2,58.408,2.5
632,B0018,128,1.0872,0.046292,2.5027,72.31,33.79,26.26,58.389,2.5
633,B0018,129,1.08161,0.047057,2.5001,69.99,32.12,26.62,58.089,2.5
634,B0018,130,1.06412,0.046687,2.4792,68.2,29.49,26.57,57.149,2.5
635,B0018,131,1.06016,0.048161,2.5005,67.77,33.11,26.97,56.936,2.5
636,B0018,132,1.05419,0.048336,2.4872,70.99,29.1,25.68,56.616,2.5
